"Serial,actor,Num,type"
"AA13,Leslie Howard,2,\Sci"
"AA13,Wendy Hiller,3,\Inn"
"AA13,Wilfrid Lawson,4,\Und"
"AA13,Scott Sunderland,5,\Und"
"AA13,Marie Lohr,6,\Und"
"AA13,David Tree,7,\Und"
"AA13,Esme Percy,8,\Und"
"AA13,Everley Gregg,9,\Und"
"AA13,Jean Cadell,10,\Und"
"ACj118,Frank Maxwell,13,\Und"
"AK,actor,90,type"
"AK50,Pierre Fresnay,91,\Und"
"AK50,Raimu,1,\Und"
"AK50,Orane D\'emazis,2,\Und"
"AK57,Charles Laughton,3,\Rul"
"AK57,Merle Oberon,4,\Vic"
"AK57,Binnie Barnes,5,\Vic"
"AK57,Wendy Barrie,6,\Vic"
"AK57,Elsa Lanchester,7,\Vic"
"AK59,Douglas Fairbanks,8,\Und"
"AK90,Vivien Leigh,9,\Lov/Her"
"AK90,Laurence Oliver,10,\Her"
"AK90,Alan Mowbray,11,\Wmp"
"AK90,Sara Allgood,12,\Und"
"AK90,Gladys Cooper,13,\Und"
"AK90,Henry Wilcoxon,14,\Und"
"AK90,Heather Angel,15,\Und"
"AKa,actor,16,type"
"AKa5,Turo Pajala,17,\Und"
"AKa5,Susanna Haavisto,18,\Und"
"AKa5,Matti Pellonpaa,19,\Und"
"AlZ5,Conway Twitty,65,\Und"
"AlZ5,Charles Chaplin~jr.,66,\Und"
"AlZ5,Harold Lloyd~jr.,67,\Und"
"AlZ5,Woo Woo Grabowski,68,\Und"
"AlZ25,Sandra Lynn,69,\Und"
"AlZ25,Ric Marlowe,70,\Sci"
"AlZ25,Stephen Long,71,\Und"
"AM,actor,72,type"
"AM12,Barbara Stanwyk,73,\Und"
"AM12,Ralph Bellamy,74,\Und"
"AM12,Otto Kruger,75,\Und"
"AM18,Leslie Howard,76,\Und"
"AM18,Bette Davis,77,\Und"
"AM18,Humphrey Bogart,1,\Vil"
"AM18,Genevieve Tobin,2,\Und"
"AM18,Dick Foran,3,\Und"
"AM18,Joe Sawyer,4,\Und"
"AM18,Porter Hall,5,\Und"
"AM18,Charley Grapewin,6,\Und"
"AM18,Paul Harvey,7,\Und"
"AM18,s a,8,\Und"
"AM20,Barbara Stanwyk,9,\Und"
"AM20,Joel McCrea,10,\Und"
"AM20,Pat OBrien,11,\Und"
"AM21,Humphrey Bogart,12,\Und"
"AM21,Dick Foran,13,\Und"
"AM21,Erin OBrienMoore,14,\Und"
"AM21,Ann Sheridan,15,\Und"
"AM21,Robert Barrat,16,\Und"
"AM21,Helen Flint,17,\Und"
"AM21,Joseph Sawyer,18,\Und"
"AM21,Addison Richards,19,\Und"
"AM21,Eddie Acuff,20,\Und"
"AM21,Clifford Soubier,21,\Und"
"AM21,Paul Harvey,22,\Und"
"AM21,Samuel S. Hinds,23,\Und"
"AM21,John Litel,24,\Und"
"AM21,Alonzo Price,25,\Und"
"AM21,Dickie Jones,26,\Und"
"AM21,Dorothy Vaughn,27,\Und"
"AM21,Henry Brandon,28,\Und"
"AM21,Charles Halton,29,\Und"
"AM21,Pat C. Flick,30,\Und"
"AM21,Francis Sayles,31,\Und"
"AM21,Paul Stanton,32,\Und"
"AM21,Harry Hayden,33,\Und"
"AM21,Egon Brecher,34,\Und"
"AM23,Gary Cooper,35,\Und"
"AM23,Basil Rathbone,36,\Und"
"AM23,Sigreid Gurie,37,\Und"
"AM23,Ernest Truex,38,\Und"
"AM23,Binnie Barnes,39,\Und"
"AM23,Alan Hale,40,\Und"
"AM23,George Barbier,41,\Und"
"AM27,George Raft,42,\Und"
"AM27,Joan Bennett,43,\Und"
"AM27,Walter Pidgeon,44,\Und"
"AM27,Lloyd Nolan,45,\Und"
"AM27,Gladys George,46,\Und"
"AM27,June Knight,47,\Und"
"AM29,Kay Francis,48,\Und"
"AM29,James Ellison,49,\Und"
"AM29,Anne Baxter,50,\Und"
"AM29,Laird Cregar,51,\Und"
"AM29,Edmund Gwenn,52,\Und"
"AM31,Ann Rutherford,53,\Und"
"AM31,George Montgomery,54,\Und"
"AM31,Lynn Bari,55,\Und"
"AM31,Glenn Miller,56,\Grp"
"AM31,Carole Landis,57,\Und"
"AM31,Jackie Geason,58,\Und"
"AM31,Cesar Romero,59,\Und"
"AM35,Groucho Marx,60,\Und"
"AM35,Chico Marx,61,\Und"
"AM35,Harpo Marx,62,\Und"
"AM35,Sig Rumann,63,\Und"
"AM35,Lisette Verea,64,\Und"
"AM35,Charles Drake,65,\Und"
"AM35,Lois Collier,66,\Und"
"AM35,Dan Seymour,67,\Und"
"AM36,Paul Muni,68,\Und"
"AM36,Claude Rains,69,\Und"
"AM36,Anne Baxter,70,\Und"
"AM36,Erskine Sanford,71,\Und"
"AM36,Hardie allbright,72,\Und"
"AMa,actor,73,type"
"AMa10,Ronald reagan,74,\Und"
"AMa10,Oscar Homolka,75,\Und"
"AMa10,Steve Forrest,76,\Und"
"AMa10,Harry Morgan,77,\Und"
"AMa50,Stuart Whitman,3,\Und"
"AMa50,Steve Forrest,4,\Und"
"AMa50,Eddie Albert,5,\Und"
"AMa50,Edmond OBrien,6,\Und"
"AMa50,Red Buttons,7,\Und"
"AMa50,Tom Tryon,8,\Und"
"AMa50,Alexander Knox,9,\Und"
"AMa50,Ray Danton,10,\Und"
"AMa50,Ron Randell,11,\Und"
"AMa50,Richard Burton,12,\Und"
"AMa50,Donald Houston,13,\Und"
"AMa50,Kenneth Moore,14,\Und"
"AMa50,Peter Lawford,15,\Und"
"AMa50,Richard Todd,16,\Und"
"AMa50,Leo Genn,17,\Und"
"AMa50,John Gregson,18,\Und"
"AMa50,Sean Connery,19,\Und"
"AMa50,JeanLouis Barrault,20,\Und"
"AMa50,Arletty,21,\Und"
"AMa50,Curt Jurgens,22,\Und"
"AMa56,Dana Andrews,23,\Und"
"AMa56,Janette Scott,24,\Und"
"AMa56,Kieron Moore,25,\Und"
"AMa56,Alexander Knox,26,\Und"
"AMa60,Soupy Sales,27,\Und"
"AMa60,Beverly Adams,28,\Und"
"AMa60,Tab Hunter,29,\Und"
"AMa60,Arthur OConnell,30,\Und"
"AMa69,Jack Benny,31,\Und"
"AMa61,Lloyd Bridges,32,\Und"
"AMa61,Shirley Eaton,33,\Und"
"AMa61,Brian Kelly,34,\Und"
"AMa61,David McCallum,35,\Und"
"AMa61,Keenan Wynn,36,\Und"
"AMa61,Marshall Thompson,37,\Und"
"AMa61,Gary Merritt,38,\Und"
"AMD,actor,39,type"
"AMD3,Jack Stuart,40,\Und"
"AMD3,Amber Collins,41,\Und"
"AMD3,Rene Baldwin,42,"
"AMD3,Wilbert Bradley,43,\Und"
"AMD3,Giacomo RossiStuart,44,\Und"
"AMD3,Ombretta Colli,45,\Und"
"AMD10,Lee VanCleef,46,\Und"
"AMD10,Karen Black,47,\Und"
"AMD10,Edward Albert,48,\Und"
"AMD10,Robert Alda,49,\Und"
"AMD10,Lionel Stander,50,\Und"
"AMD13,Lee VanCleef,51,\Und"
"AMD13,Lo Lieh,52,\Und"
"AMD16,Reb Brown,53,\Und"
"AMD16,Corinne Clery,54,\Und"
"AMD16,John Steiner,55,\Und"
"AMD16,Carole Andre,56,\Und"
"AMy,actor,57,type"
"AMy3,Donald Sutherland,58,\Und"
"AMy3,Jane Fonda,59,\Und"
"AMy3,Peter Boyle,60,\Und"
"AMy3,Gordon Goodrow,61,\Und"
"AMy3,Howard Hesseman,62,\Und"
"AMy3,John Savage,63,\Und"
"AMy3,Melvin Stewart,64,\Und"
"AMy3,Richard Schaal,65,\Und"
"AMe10,Sylvia Kristel,66,\Und"
"AMe10,Howard Hesseman,67,\Und"
"AMe10,Eric Brown,68,\Und"
"AMe10,Ed Begley~jr,69,\Und"
"AMe10,Pamela Bryant,70,\Und"
"AMe18,G.W. Bailey,71,\Und"
"AMe18,David Graf,72,\Und"
"AMe18,George Gaynes,73,\Und"
"AMe18,s a,74,\Und"
"AMe18,Bubba Smith,75,\Und"
"AMe18,George R. Robertson,76,\Und"
"AMe18,Michael Winslow,77,\Und"
"AMe18,Leslie Easterbrook,78,\Und"
"AMe18,Janet Jones,79,\Und"
"AMe18,James Hampton,80,\Und"
"AMe18,Lance Kinsey,81,\Und"
"AMe18,Matt McCoy,82,\Und"
"AMe18,Rene Auberjonois,83,\Und"
"AMe18,James Hampton,84,\Und"
"AMe18,Marion Ramsey,85,\Und"
"AMe18,Archie Hahn,86,\Und"
"AMe18,Jerry Lazarus,87,\Und"
"AMe18,Tab Thacker,88,\Und"
"AMe20,Bubba Smith,89,\Und"
"AMe20,Michael Winslow,90,\Und"
"AMg,actor,91,type"
"AMg7,Tab Hunter,87,\Und"
"AMg7,Rossana Podesta,88,\Und"
"AmH,actor,89,type"
"AmH10,Sean Penn,90,\Und"
"AmH10,Phoebe Cates,91,\Und"
"AmH10,Jennifer Jason Leigh,92,\Und"
"AmH10,Brian Backus,93,\Und"
"AmH10,Robert Romanus,94,\Und"
"AmH10,Judge Reinhold,95,\Und"
"AmH10,Hallie Eckstein,96,\Und"
"AmH10,Ray Walston,97,\Und"
"AmH10,Eric Stoltz,98,\Und"
"AmH20,Chevy Chase,99,\Und"
"AmH20,Beverly DAngelo,100,\Und"
"AmH20,Jason Lively,101,\Und"
"AmH20,Dana Hill,102,\Und"
"AmH20,Eric Idle,103,\Und"
"AmH20,s a,104,\Und"
"AmH20,s a,105,\Und"
"AMi,actor,106,type"
"AMi10,Juliet Stevenson,107,\Und"
"AMi10,Alan Rickman,108,\Und"
"AMi10,Michael Maloney,109,\Und"
"AMi10,Christopher Rozycki,110,\Und"
"AMi10,Stella Maris,111,\Und"
"AMi10,David Ryall,112,\Und"
"AMi10,Deborah Findlay,113,\Und"
"AMi10,Bill Paterson,114,\Und"
"AMi10,Pierre-Grahame duFrisk,115,\Und"
"AMi12,Matt Dillon,116,\Und"
"AMi12,Annabella Sciora,117,\Und"
"AMi12,MarieLouise Parker,118,\Und"
"AMi12,Willliam Hurt,119,\Und"
"AMi15,Ralph Fiennes,120,\Und"
"AMi15,Juliette Binoche,121,\Und"
"AMi15,Kristin Scott Thomas,122,\Lov"
"AMi15,Naveen Andrews,123,\Und"
"AMi15,William Dafoe,124,\Und"
"AMi15,Colin Firth,125,\Und"
"AMk,actor,126,type"
"AMk10,Aleksandra Slaska,127,\Und"
"AMk10,Anna Ciepielewska,128,\Und"
"AML,actor,129,type"
"AML1,Bruce Dern,130,\Und"
"AML1,Pat Priest,131,\Sci"
"AML1,Casey Kasem,132,\Und"
"AML1,Barry Kroeger,133,\Und"
"AmN,actor,134,type"
"FDL,actor,9575,type"
"FDL10,Henry Silva,9576,\Und"
"FDL10,Mario Adorf,9577,\Und"
"FDL10,Woody Strode,9578,\Und"
