"Serial,actor,Num,type"
"AA13,Leslie Howard,2,\Sci"
"AA13,Wendy Hiller,3,\Inn"
"AA13,Wilfrid Lawson,4,\Und"
"AA13,Scott Sunderland,5,\Und"
"AA13,Marie Lohr,6,\Und"
"AA13,David Tree,7,\Und"
"AA13,Esme Percy,8,\Und"
"AA13,Everley Gregg,9,\Und"
"AA13,Jean Cadell,10,\Und"
"ACj118,Frank Maxwell,13,\Und"
"ACj119,Anne Francis,14,\Inn"
"ACj119,Edmund Hashim,15,\Vil"
"ACj119,Jack Ging,16,\Agt"
"ACj120,Duke Howard,17,\Und"
"ACj120,Burt Brinckerhoff,18,\Und"
"ACj121,Robert Redford,19,\Und"
"ACj121,Russell Collins,20,\Und"
"ACj121,George Clarke,21,\Und"
"ACj121,Joby Baker,22,\Und"
"ACj121,Bernard Kates,23,\Und"
"ACj121,King Calder,24,\Und"
"ACj121,Bob Karnes,25,\Und"
"ACj121,Bert Remsen,26,\Und"
"ACj121,Harry Swoger,27,\Und"
"ACj122,Barbara Baxley,28,\Und"
"ACj122,Ted Newton,29,\Und"
"ACj122,Robert Loggia,30,\Und"
"ACj122,Richard Gaines,31,\Und"
"ACj123,Lola Allbright,32,\Und"
"ACj123,Charles Bronson,33,\Und"
"ACj124,Mark Miller,34,\Und"
"ACj124,Vivienne Segal,35,\Und"
"ACj124,Pat Breslin,36,\Und"
"ACj125,Brian Hutton,37,\Und"
"ACj125,Anne Helm,38,\Und"
"ACj125,Wayne Rogers,39,\Und"
"ACj126,Brian Keith,40,\Und"
"ACj126,Patricia Breslin,41,\Und"
"ACj126,Claudia Cravey,42,\Und"
"ACj127,Robert Sterling,43,\Und"
"ACj127,Billy Mumy,44,\Und"
"ACj127,MacDonald Carey,45,\Und"
"ACj127,Peggy McKay,46,\Und"
"ACj127,s a,47,\Und"
"ACj128,Michael Wilding,48,\Und"
"ACj128,Anna Lee,49,\Und"
"ACj128,Katherine Crawford,50,\Und"
"ACj128,Randy Boone,51,\Und"
"ACj128,s a,52,\Und"
"ACl,actor,53,type"
"ACl10,George Costigan,54,\Und"
"ACl10,Siobhan Finneran,55,\Und"
"ACl10,Michelle Holmes,56,\Und"
"ACl10,Lesley Sharp,57,\Und"
"ACl10,Kulvinder Ghir,58,\Und"
"ACt,actor,59,type"
"ACt10,Marshall Thompson,60,\Und"
"ACu,actor,61,type"
"ACu15,Laura Dern,62,\Und"
"ACu15,Alan Rickman,63,\Und"
"ACu15,Diane ladd,64,\Und"
"ACu20,Liesel Mathews,65,\Und"
"ACu20,Eleanor Brown,66,\Und"
"ACu23,Gwyneth Paltrow,67,\Und"
"ACu23,Ethan Hawke,68,\Und"
"ACu23,Robert deNiro,69,\Und"
"ACu23,Anne Bancroft,70,\Und"
"ACv,actor,71,type"
"ACv10,Catherine Mouchet,72,\Und"
"ACv10,Aurore Prieto,1,\Und"
"ACv10,Sylvie Habault,2,\Und"
"ACx,actor,3,type"
"ACx10,Harry Dean Stanton,4,\Und"
"ACx10,Emilio Estevez,5,\Und"
"ACx10,Tracey Walker,6,\Und"
"ACx10,Vonetta McGee,7,\Und"
"ACx10,Fox Harris,8,\Und"
"ACx12,Gary Oldman,9,\Und"
"ACx12,Chloe Webb,10,\Und"
"ACx12,David Hayman,11,\Und"
"ACy,actor,12,type"
"ACy10,Pierre Brasseur,13,\Und"
"ACy10,Anouk Aimee,14,\Und"
"ACy10,Serge Reggiani,15,\Und"
"ACy14,Claude Noiller,16,\Und"
"ACy14,Valentine Tessier,17,\Und"
"ACy20,Curt Jurgens,18,\Und"
"ACy20,Folco Lulli,19,\Und"
"ACy20,Lea Padovani,20,\Und"
"ACy38,Jean Gabin,21,\Und"
"ACy38,Sophia Loren,22,\Und"
"ACy38,Henri Garcin,23,\Und"
"ACy38,Julien Bertheau,24,\Und"
"AD,actor,25,type"
"AD40,Semyon Shaigada,26,\Und"
"AD40,Stepan Shkurat,27,\Und"
"AD40,Sergei Stolyarov,28,\Und"
"ADA,actor,29,type"
"ADA10,Lyda Bonelli,30,\Und"
"ADA10,Mario Bonnard,31,\Und"
"AdB,actor,32,type"
"AdB21,Ivor Novello,33,\Und"
"AdB21,Mary Clare,34,\Und"
"AdB21,Mabel Poulton,35,\Und"
"AdB21,Benita Hume,36,\Und"
"ADg,actor,37,type"
"ADg10,Christopher Dienstag,38,\Und"
"ADg10,Monica Caldwell,39,\Und"
"AdL,actot,40,type"
"AdL6,Kim Basinger,41,\Lov/ Vic"
"AdL6,Mickey Rourke,1,\Lov"
"AdL6,Margaret Whitton,2,\Sdk"
"AdL6,Karen Young,3,\Sdk"
"AII3,Gary Lockwood,84,\Und"
"AII3,Elke Sommer,85,\Und"
"AiN<,actor,86,type"
"AiN10,Madjid Nirumand,87,\Und"
"AJa,actor,88,type"
"AJa1,Laura SanGiacomo,89,\Und"
"AJa1,Paul Rhys,90,\Und"
"AJa1,Michael OKeefe,91,\Und"
"AJa1,Fisher Stevens,1,\Und"
"AJa1,Cristi Conaway,2,\Und"
"AJa1,s a,3,\Und"
"AJG,actor,4,type"
"AJG50,Stan Laurel,5,\Und"
"AJG50,Oliver Hardy,6,\Und"
"AJG50,James Finlayson,7,\Und"
"AJG50,Forrester Harvey,8,\Und"
"AJG50,Wilfrid Lucas,9,\Und"
"AJG50,Peter Cushing,10,\Und"
"AJo,@1983,11,D:A.Jones"
"AJo10,Jamie Lee Curtis,12,\Und"
"AJo10,James Keach,13,\Und"
"AJo10,Matt Clark,14,\Und"
"AJo10,Bonnie Bartlett,15,\Und"
"AJo10,Amy Madigan,16,\Und"
"AJP,actor,17,type"
"AJP1,Jane Fonda,18,\Und"
"AJP1,Donald Sutherland,19,\Und"
"AJP1,Roy Scheider,20,\Und"
"AJP1,Charles Cioffi,21,\Und"
"AJP1,Rita Gam,22,\Und"
"AJP1,Dorothy Tristan,23,\Und"
"AJP1,Richard Shull,24,\Und"
"AJP1,Anthony Holland,25,\Und"
"AJP1,Jane White,26,\Und"
"AJP2,Warren Beatty,27,\Und"
"AJP2,Paula Prentiss,28,\Und"
"AJP2,Hume Cronyn,29,\Und"
"AJP2,William Daniels,30,\Und"
"AJP2,Walter McGinn,31,\Und"
"AJP3,Robert Redford,32,\Und"
"AJP3,Dustin Hoffman,33,\Und"
"AJP3,Jason Robards~jr,34,\Und"
"AJP3,Martin Balsam,35,\Und"
"AJP3,Hal Holbrook,36,\Und"
"AJP3,Jack Warden,37,\Und"
"AJP3,Jane Alexander,38,\Und"
"AJP3,Meredith Baxter,39,\Und"
"AJP5,Burt Reynolds,40,\Und"
"AJP5,Jill Clayburgh,41,\Und"
"AJP5,Candice Bergen,42,\Und"
"AJP5,Kevin Bacon,43,\Und"
"AJP5,Tony Romano,44,\Und"
"AJP6,Jane Fonda,45,\Und"
"AJP6,Kris Kristofferson,46,\Und"
"AJP6,Hume Cronyn,47,\Und"
"AJP7,Meryl Streep,48,\Und"
"AJP7,Kevin Kline,49,\Und"
"AJP7,Peter MacNicol,50,\Und"
"AJP7,Rita Karin,51,\Und"
"AJP7,Stephen d. Newman,52,\Und"
"AJP7,Josh Mostel,53,\Und"
"AJP15,Harrison Ford,54,\Und"
"AJP15,Bonnie Bedalla,55,\Und"
"AJP15,Raul Julia,56,\Und"
"AJP15,Greta Scacchi,57,\Und"
"AJP15,Brian Dennehy,58,\Und"
"AJP15,Paul Winfield,59,\Und"
"AJP15,Bradley Whitford,60,\Und"
"AJP25,Julia Roberts,61,\Und"
"AJP25,Denzel Washington,62,\Und"
"AJP25,Robert Culp,63,\Und"
"AJP25,Hume Cronyn,64,\Und"
"AJP25,John Litgow,65,\Und"
"AJP25,John Heard,66,\Und"
"AJP29,Harrison Ford,67,\Her/ \Agt"
"AJP29,Brad Pitt,68,\Vil"
"AJP29,Margaret Colin,69,\Und"
"AJP29,Ruben Blades,70,\Sdk"
"AJP29,Treat Williams,71,\Vil"
"AJP29,George Hearn,72,\Und"
"AJP29,x Ryan,73,\Und"
"AJP29,Natascha McElhone,74,\Und"
"AJP29,Ashley Ohara,75,\Inn"
"AJs,actor,76,type"
"AJs1,Lina Basquette,77,\Und"
"AJs1,Richard Barthelmess,78,\Vic"
"AJs1,Alice Joyce,79,\Und"
"AJs1,Thelma Todd,80,\Und"
"AJy,actor,81,type"
"AJy10,Alexandro Jodorowsky,82,\Und"
"AJy10,s a,83,\Und"
"AJy10,s a,84,\Und"
"AJy10,s a,85,\Und"
"AJy10,s a,86,\Und"
"AJy10,s a,87,\Und"
"AJy10,s a,88,\Und"
"AJy10,s a,89,\Und"
"AK,actor,90,type"
"AK50,Pierre Fresnay,91,\Und"
"AK50,Raimu,1,\Und"
"AK50,Orane D\'emazis,2,\Und"
"AK57,Charles Laughton,3,\Rul"
"AK57,Merle Oberon,4,\Vic"
"AK57,Binnie Barnes,5,\Vic"
"AK57,Wendy Barrie,6,\Vic"
"AK57,Elsa Lanchester,7,\Vic"
"AK59,Douglas Fairbanks,8,\Und"
"AK90,Vivien Leigh,9,\Lov/Her"
"AK90,Laurence Oliver,10,\Her"
"AK90,Alan Mowbray,11,\Wmp"
"AK90,Sara Allgood,12,\Und"
"AK90,Gladys Cooper,13,\Und"
"AK90,Henry Wilcoxon,14,\Und"
"AK90,Heather Angel,15,\Und"
"AKa,actor,16,type"
"AKa5,Turo Pajala,17,\Und"
"AKa5,Susanna Haavisto,18,\Und"
"AKa5,Matti Pellonpaa,19,\Und"
"AlZ5,Conway Twitty,65,\Und"
"AlZ5,Charles Chaplin~jr.,66,\Und"
"AlZ5,Harold Lloyd~jr.,67,\Und"
"AlZ5,Woo Woo Grabowski,68,\Und"
"AlZ25,Sandra Lynn,69,\Und"
"AlZ25,Ric Marlowe,70,\Sci"
"AlZ25,Stephen Long,71,\Und"
"AM,actor,72,type"
"AM12,Barbara Stanwyk,73,\Und"
"AM12,Ralph Bellamy,74,\Und"
"AM12,Otto Kruger,75,\Und"
"AM18,Leslie Howard,76,\Und"
"AM18,Bette Davis,77,\Und"
"AM18,Humphrey Bogart,1,\Vil"
"AM18,Genevieve Tobin,2,\Und"
"AM18,Dick Foran,3,\Und"
"AM18,Joe Sawyer,4,\Und"
"AM18,Porter Hall,5,\Und"
"AM18,Charley Grapewin,6,\Und"
"AM18,Paul Harvey,7,\Und"
"AM18,s a,8,\Und"
"AM20,Barbara Stanwyk,9,\Und"
"AM20,Joel McCrea,10,\Und"
"AM20,Pat OBrien,11,\Und"
"AM21,Humphrey Bogart,12,\Und"
"AM21,Dick Foran,13,\Und"
"AM21,Erin OBrienMoore,14,\Und"
"AM21,Ann Sheridan,15,\Und"
"AM21,Robert Barrat,16,\Und"
"AM21,Helen Flint,17,\Und"
"AM21,Joseph Sawyer,18,\Und"
"AM21,Addison Richards,19,\Und"
"AM21,Eddie Acuff,20,\Und"
"AM21,Clifford Soubier,21,\Und"
"AM21,Paul Harvey,22,\Und"
"AM21,Samuel S. Hinds,23,\Und"
"AM21,John Litel,24,\Und"
"AM21,Alonzo Price,25,\Und"
"AM21,Dickie Jones,26,\Und"
"AM21,Dorothy Vaughn,27,\Und"
"AM21,Henry Brandon,28,\Und"
"AM21,Charles Halton,29,\Und"
"AM21,Pat C. Flick,30,\Und"
"AM21,Francis Sayles,31,\Und"
"AM21,Paul Stanton,32,\Und"
"AM21,Harry Hayden,33,\Und"
"AM21,Egon Brecher,34,\Und"
"AM23,Gary Cooper,35,\Und"
"AM23,Basil Rathbone,36,\Und"
"AM23,Sigreid Gurie,37,\Und"
"AM23,Ernest Truex,38,\Und"
"AM23,Binnie Barnes,39,\Und"
"AM23,Alan Hale,40,\Und"
"AM23,George Barbier,41,\Und"
"AM27,George Raft,42,\Und"
"AM27,Joan Bennett,43,\Und"
"AM27,Walter Pidgeon,44,\Und"
"AM27,Lloyd Nolan,45,\Und"
"AM27,Gladys George,46,\Und"
"AM27,June Knight,47,\Und"
"AM29,Kay Francis,48,\Und"
"AM29,James Ellison,49,\Und"
"AM29,Anne Baxter,50,\Und"
"AM29,Laird Cregar,51,\Und"
"AM29,Edmund Gwenn,52,\Und"
"AM31,Ann Rutherford,53,\Und"
"AM31,George Montgomery,54,\Und"
"AM31,Lynn Bari,55,\Und"
"AM31,Glenn Miller,56,\Grp"
"AM31,Carole Landis,57,\Und"
"AM31,Jackie Geason,58,\Und"
"AM31,Cesar Romero,59,\Und"
"AM35,Groucho Marx,60,\Und"
"AM35,Chico Marx,61,\Und"
"AM35,Harpo Marx,62,\Und"
"AM35,Sig Rumann,63,\Und"
"AM35,Lisette Verea,64,\Und"
"AM35,Charles Drake,65,\Und"
"AM35,Lois Collier,66,\Und"
"AM35,Dan Seymour,67,\Und"
"AM36,Paul Muni,68,\Und"
"AM36,Claude Rains,69,\Und"
"AM36,Anne Baxter,70,\Und"
"AM36,Erskine Sanford,71,\Und"
"AM36,Hardie allbright,72,\Und"
"AMa,actor,73,type"
"AMa10,Ronald reagan,74,\Und"
"AMa10,Oscar Homolka,75,\Und"
"AMa10,Steve Forrest,76,\Und"
"AMa10,Harry Morgan,77,\Und"
"AMa10,Darryl Hickman,78,\Und"
"AMa50,John Wayne,79,\Und"
"AMa50,Robert Mitchum,80,\Und"
"AMa50,Henry Fonda,81,\Und"
"AMa50,Robert Ryan,82,\Und"
"AMa50,Rod Steiger,83,\Und"
"AMa50,Robert Wagner,84,\Und"
"AMa50,Paul Anka,85,\Und"
"AMa50,Fabian,86,\Und"
"AMa50,Tommy Sands,87,\Und"
"AMa50,Richard Beymer,88,\Und"
"AMa50,Mel Ferrer,89,\Und"
"AMa50,Jeffrey Hunter,90,\Und"
"AMa50,Sal Mineo,1,\Und"
"AMa50,Roddy McDowall,2,\Und"
"AMa50,Stuart Whitman,3,\Und"
"AMa50,Steve Forrest,4,\Und"
"AMa50,Eddie Albert,5,\Und"
"AMa50,Edmond OBrien,6,\Und"
"AMa50,Red Buttons,7,\Und"
"AMa50,Tom Tryon,8,\Und"
"AMa50,Alexander Knox,9,\Und"
"AMa50,Ray Danton,10,\Und"
"AMa50,Ron Randell,11,\Und"
"AMa50,Richard Burton,12,\Und"
"AMa50,Donald Houston,13,\Und"
"AMa50,Kenneth Moore,14,\Und"
"AMa50,Peter Lawford,15,\Und"
"AMa50,Richard Todd,16,\Und"
"AMa50,Leo Genn,17,\Und"
"AMa50,John Gregson,18,\Und"
"AMa50,Sean Connery,19,\Und"
"AMa50,JeanLouis Barrault,20,\Und"
"AMa50,Arletty,21,\Und"
"AMa50,Curt Jurgens,22,\Und"
"AMa56,Dana Andrews,23,\Und"
"AMa56,Janette Scott,24,\Und"
"AMa56,Kieron Moore,25,\Und"
"AMa56,Alexander Knox,26,\Und"
"AMa60,Soupy Sales,27,\Und"
"AMa60,Beverly Adams,28,\Und"
"AMa60,Tab Hunter,29,\Und"
"AMa60,Arthur OConnell,30,\Und"
"AMa69,Jack Benny,31,\Und"
"AMa61,Lloyd Bridges,32,\Und"
"AMa61,Shirley Eaton,33,\Und"
"AMa61,Brian Kelly,34,\Und"
"AMa61,David McCallum,35,\Und"
"AMa61,Keenan Wynn,36,\Und"
"AMa61,Marshall Thompson,37,\Und"
"AMa61,Gary Merritt,38,\Und"
"AMD,actor,39,type"
"AMD3,Jack Stuart,40,\Und"
"AMD3,Amber Collins,41,\Und"
"AMD3,Rene Baldwin,42,"
"AMD3,Wilbert Bradley,43,\Und"
"AMD3,Giacomo RossiStuart,44,\Und"
"AMD3,Ombretta Colli,45,\Und"
"AMD10,Lee VanCleef,46,\Und"
"AMD10,Karen Black,47,\Und"
"AMD10,Edward Albert,48,\Und"
"AMD10,Robert Alda,49,\Und"
"AMD10,Lionel Stander,50,\Und"
"AMD13,Lee VanCleef,51,\Und"
"AMD13,Lo Lieh,52,\Und"
"AMD16,Reb Brown,53,\Und"
"AMD16,Corinne Clery,54,\Und"
"AMD16,John Steiner,55,\Und"
"AMD16,Carole Andre,56,\Und"
"AMy,actor,57,type"
"AMy3,Donald Sutherland,58,\Und"
"AMy3,Jane Fonda,59,\Und"
"AMy3,Peter Boyle,60,\Und"
"AMy3,Gordon Goodrow,61,\Und"
"AMy3,Howard Hesseman,62,\Und"
"AMy3,John Savage,63,\Und"
"AMy3,Melvin Stewart,64,\Und"
"AMy3,Richard Schaal,65,\Und"
"AMe10,Sylvia Kristel,66,\Und"
"AMe10,Howard Hesseman,67,\Und"
"AMe10,Eric Brown,68,\Und"
"AMe10,Ed Begley~jr,69,\Und"
"AMe10,Pamela Bryant,70,\Und"
"AMe18,G.W. Bailey,71,\Und"
"AMe18,David Graf,72,\Und"
"AMe18,George Gaynes,73,\Und"
"AMe18,s a,74,\Und"
"AMe18,Bubba Smith,75,\Und"
"AMe18,George R. Robertson,76,\Und"
"AMe18,Michael Winslow,77,\Und"
"AMe18,Leslie Easterbrook,78,\Und"
"AMe18,Janet Jones,79,\Und"
"AMe18,James Hampton,80,\Und"
"AMe18,Lance Kinsey,81,\Und"
"AMe18,Matt McCoy,82,\Und"
"AMe18,Rene Auberjonois,83,\Und"
"AMe18,James Hampton,84,\Und"
"AMe18,Marion Ramsey,85,\Und"
"AMe18,Archie Hahn,86,\Und"
"AMe18,Jerry Lazarus,87,\Und"
"AMe18,Tab Thacker,88,\Und"
"AMe20,Bubba Smith,89,\Und"
"AMe20,Michael Winslow,90,\Und"
"AMg,actor,91,type"
"AMg7,Tab Hunter,87,\Und"
"AMg7,Rossana Podesta,88,\Und"
"AmH,actor,89,type"
"AmH10,Sean Penn,90,\Und"
"AmH10,Phoebe Cates,91,\Und"
"AmH10,Jennifer Jason Leigh,92,\Und"
"AmH10,Brian Backus,93,\Und"
"AmH10,Robert Romanus,94,\Und"
"AmH10,Judge Reinhold,95,\Und"
"AmH10,Hallie Eckstein,96,\Und"
"AmH10,Ray Walston,97,\Und"
"AmH10,Eric Stoltz,98,\Und"
"AmH20,Chevy Chase,99,\Und"
"AmH20,Beverly DAngelo,100,\Und"
"AmH20,Jason Lively,101,\Und"
"AmH20,Dana Hill,102,\Und"
"AmH20,Eric Idle,103,\Und"
"AmH20,s a,104,\Und"
"AmH20,s a,105,\Und"
"AMi,actor,106,type"
"AMi10,Juliet Stevenson,107,\Und"
"AMi10,Alan Rickman,108,\Und"
"AMi10,Michael Maloney,109,\Und"
"AMi10,Christopher Rozycki,110,\Und"
"AMi10,Stella Maris,111,\Und"
"AMi10,David Ryall,112,\Und"
"AMi10,Deborah Findlay,113,\Und"
"AMi10,Bill Paterson,114,\Und"
"AMi10,Pierre-Grahame duFrisk,115,\Und"
"AMi12,Matt Dillon,116,\Und"
"AMi12,Annabella Sciora,117,\Und"
"AMi12,MarieLouise Parker,118,\Und"
"AMi12,Willliam Hurt,119,\Und"
"AMi15,Ralph Fiennes,120,\Und"
"AMi15,Juliette Binoche,121,\Und"
"AMi15,Kristin Scott Thomas,122,\Lov"
"AMi15,Naveen Andrews,123,\Und"
"AMi15,William Dafoe,124,\Und"
"AMi15,Colin Firth,125,\Und"
"AMk,actor,126,type"
"AMk10,Aleksandra Slaska,127,\Und"
"AMk10,Anna Ciepielewska,128,\Und"
"AML,actor,129,type"
"AML1,Bruce Dern,130,\Und"
"AML1,Pat Priest,131,\Sci"
"AML1,Casey Kasem,132,\Und"
"AML1,Barry Kroeger,133,\Und"
"AmN,actor,134,type"
"AmN1,Kirstie Alley,135,\Her"
"AmN1,John Travolta,136,\Sav"
"AmN1,George Segal,137,\Wmp"
"AmN1,Abe Vigoda,138,\Inn"
"AmN1,Olympia Dukakis,139,\Und"
"AmN1,Bruce Willis,140,\Voi\Inn"
"Amo,actor,141,type"
"Amo13,Penelope Ann Miller,142,\Und"
"Amo13,Eric Thal,143,\Und"
"Amo13,William Forsythe,144,\Und"
"Amo13,Cathy Moriarity,145,\Und"
"AnM27,James Millican,268,\Und"
"AnM27,Frank Lovejoy,269,\Und"
"EBz35,Harpo Marx,7852,\Und"
"EBz35,John Carroll,7853,\Und"
"EBz35,Diana Lewis,7854,\Und"
"EZo10,Patrick Mercado,9221,\Und"
"EZo10,Jo Fredo,9222,\Und"
"EZo10,Gregoire Colin,9223,\Und"
"EZw,actor,9224,type"
"EZw1,Matthew Broderick,9225,\Rul"
"EZw1,Denzel Washington,9226,\Und"
"EZw1,Morgan Freeman,9227,\Und"
"EZw1,Andre Braugher,9228,\Und"
"EZw1,Jihmi Kennedy,9229,\Und"
"EZw1,Cary Elwes,9230,\Und"
"EZw4,Christine Lahti,9231,\Und"
"EZw4,Meg Tilly,9232,\Und"
"EZw4,Lenny vonDohlen,9233,\Und"
"EZw4,James Gammon,9234,\Und"
"EZw5,Brad Pitt,9235,\Und"
"EZw5,Anthony Hopkins,9236,\Und"
"EZw5,Aidan Quinn,9237,\Und"
"EZw5,Henry Thomas,9238,\Und"
"EZw5,Julia Ormond,9239,\Und"
"EZw7,Denzel Washington,9240,\Und"
"EZw7,Meg Ryan,9241,gung-ho Medevac pilot"
"EZw7,Lou Diamond Phillips,9242,\Und"
"EZw7,Seth Gilliam,9243,\Und"
"EZw7,Michael Moriarty,9244,\Und"
"EZw7,Matt Damon,9245,\Und"
"EZw7,Bronson Pinchot,9246,\Und"
"EZw7,Scott Glenn,9247,\Und"
"EZw7,Regina Taylor,9248,\Und"
"Ezw9,Denzel Washington,9249,\Und"
"Ezw9,Bruce Willis,9250,\Und"
"Ezw9,Annette Benning,9251,\Und"
"FAl,actor,9252,type"
"FAl10,Tom Keene,9253,\Und"
"FAl10,Rochelle Hudson,9254,\Und"
"FAl10,Marie Wells,9255,\Und"
"FAl10,Julian Riviero,9256,\Und"
"FAl10,Ernie Adams,9257,\Und"
"FAl10,Hank Bell,9258,\Und"
"FAm,actor,9259,type"
"FAm10,Dennis Hopper,9260,\Und"
"FAm10,Carol Kane,9261,\Und"
"FAm10,Kiefer Sutherland,9262,\Agt"
"FAm16,Thora Birch,9263,\Und"
"FAm16,Harvey Keitel,9264,\Und"
"FAm16,Mimi Rogers,9265,\Und"
"FAm16,Chris MacDonald,9266,\Und"
"FAm16,Kevin Scannell,9267,\Und"
"FAm16,s a,9268,\Anm"
"FAs,actor,9269,type"
"FAs1,Jeremy Fisher,9270,\Und"
"y,,9271,"
"FB,actor,9272,type"
"FB13,Janet Gaynor,9273,\Und"
"FB13,Charles Farell,9274,\Und"
"FB13,Gladys Brockwell,9275,\Und"
"FB13,David Butler,9276,\Und"
"FB15,Charles Farrell,9277,\Und"
"FB15,Nenry Armetta,9278,\Und"
"FB15,Guido Trento,9279,\Und"
"FB21,Janet Gaynor,9280,\Und"
"FB21,Charles Farrell,9281,\Und"
"FB27,Gary Cooper,9282,\Und"
"FB27,Helen Hayes,9283,\Und"
"FB27,Adolphe Menjou,9284,\Und"
"FB27,Mary Philips,9285,\Und"
"FB27,Jack LaRue,9286,\Und"
"FB27,Blanche Frederici,9287,\Und"
"FB27,Henry Armetta,9288,\Und"
"FB29,1933,9289,Spencer Tracy"
"FB29,1933,9290,Loretta Young"
"FB29,1933,9291,Glenda Farrell"
"FB29,1933,9292,walter Connolly"
"FB29,1933,9293,Arthur Hohl"
"FB29,1933,9294,Marjorie Rambeau"
"FB29,1933,9295,Dickie Moore"
"FB39,Marlene Dietrich,9296,\Und\Vmp"
"FB39,Gary Cooper,9297,\Und"
"FB39,John Halliday,9298,\Und"
"FB39,Ernest Cossart,9299,\Und"
"FB39,Alan Mowbray,9300,\Und"
"FB40,Dick Powell,9301,\Und"
"FB40,Marion Davies,9302,\Und"
"FB40,Claude Rains,9303,\Und"
"FB40,Charlie Ruggles,9304,\Und"
"FB40,Edward Everett Horton,9305,\Und"
"FB40,Arthur Treacher,9306,\Und"
"FB40,Henry Stephenson,9307,\Und"
"FB42,Spencer Tracy,9308,\Und"
"FB42,Luise Rainer,9309,\Und"
"FB42,Charley Grapewin,9310,\Und"
"FB42,Janet Beecher,9311,\Und"
"FB42,George Murphy,9312,\Und"
"FB42,Karin Booth,9313,\Und"
"FB42,William Demarest,9314,\Und"
"FB42,Eddie Quinlan,9315,\Und"
"FB43,Joan Crawford,9316,\Und"
"FB43,Spencer tracy,9317,\Und"
"FB43,s a,9318,\Und"
"FB45,Margaret Sullavan,9319,\Und"
"FB45,Robert Taylor,9320,\Und"
"FB45,Robert Young,9321,\Und"
"FB45,Franchot Tone,9322,\Und"
"FB45,Guy Kibbee,9323,\Und"
"FB45,Lionel Atwill,9324,\Und"
"FB45,Henry Hull,9325,\Und"
"FB45,Charley Grapwin,9326,\Und"
"FB51,Joan Crawford,9327,\Und"
"FB51,Clark Gable,9328,\Und"
"FB51,Peter Lorre,9329,\Und"
"FB51,Paul Lukas,9330,\Und"
"FB51,Ian Hunter,9331,\Und"
"FB51,Albert Dekker,9332,\Und"
"FB51,J.Edward Bromberg,9333,\Und"
"FB51,Eduardo Cianelli,9334,\Und"
"FB51,Victor Varconi,9335,\Und"
"FB51,John Arledge,9336,\Und"
"FB52,Margaret Sullavan,9337,\Lov"
"FB52,Robert Young,9338,\Und"
"FB52,James Stewart,9339,\Und"
"FB52,Frank Morgan,9340,\Und"
"FB52,Robert Stack,9341,\Und"
"FB52,Bonita Granville,9342,\Und"
"FB52,Irene Rich,9343,\Und"
"FB52,Maria Ouspenskaya,9344,\Und"
"FbM,actor,9345,type"
"FbM10,Elenora Duse,9346,\Und"
"FbM10,Febo Mari,9347,\Und"
"FBr,actor,9348,type"
"FBr50,Tristram Coffin,9349,\Her"
"FBr50,Mae Clark,9350,\Und"
"FBr50,s a,9351,\Vild"
"FBr50,s a,9352,\Und"
"FBr60,Judd Holgren,9353,\Und"
"FBr10,Leonard Nimoy,9354,\Und"
"FBr10,Aline Towne,9355,\Und"
"FBr10,s a,9356,\Und"
"FC,actor,9357,type"
"FC1,Harry Langdon,9358,\Und"
"FC3,Harry Langdon,9359,\Und"
"FC3,Alma Bennet,9360,\Und"
"FC3,Frankie Darro,9361,\Und"
"FC10,Lina Basquette,9362,\Und"
"FC10,Jean Hersholt,9363,\Und"
"FC10,Ricardo Cortez,9364,\Und"
"FC17,Barbara Stanwyk,9365,\Und"
"FC17,Sam Hardy,9366,\Und"
"FC17,David Manners,9367,\Sav"
"FC17,Beryl Mercer,9368,\Und"
"FC17,Russell Hopton,9369,\Und"
"FC15,Joe Cook,9370,\Und"
"FC21,Robert Williams,9371,\Und"
"FC21,Jean Harlow,9372,\Und"
"FC21,Claude Allester,9373,\Und"
"FC21,Halliwell Hobbes,9374,\Und"
"FC21,Loretta Young,9375,\Und"
"FC21,Louise Clossr Hale,9376,\Und"
"FC21,Reginald Owen,9377,\Und"
"FC21,Walter Catlett,9378,\Und"
"FC24,May Robson,9379,\Inn"
"FC24,Warren William,9380,\Und"
"FC24,Guy Kibbee,9381,\Sid"
"FC24,Glenda Farrell,9382,\Vic"
"FCk1,John Williams,9517,\Vic"
"FCk1,Alan Napier,9518,\Und"
"FCk1,Amanda Blake,9519,\Vil"
"FCk1,Bill Slack,9520,\Und"
"FCk1,Rudy Robles,9521,\Und"
"FCk1,Philip Coolidge,9522,\Und"
"FCk1,Jerry Paris,9523,\Und"
"FCk1,Ruta Lee,9524,\Und"
"FCk2,John Williams,9525,\Und"
"FCk2,Patricia Collinge,9526,\Inn"
"FCk2,Evelyn Varden,9527,\Vil"
"FCk2,Ralph Peters,9528,\Und"
"FCo,actor,9529,type"
"FCo10,TinTan,9530,\Und"
"FCo20,Gabriel Garcia Marquez,9531,\Cam"
"FCr,actor,9532,type"
"FCr10,Adam Sadler,9533,\Und"
"FCr10,Drew Barrymore,9534,\Und"
"FCr10,Billy Idol,9535,\Und"
"FCr11,Adam Sandler,9536,\Und"
"FCr11,Kathy Bates,9537,\Und"
"FCr11,Fairuza Balk,9538,\Und"
"FCr11,Jerry Reed,9539,\Und"
"FCr11,Henry Winkler,9540,\Und"
"FDa,actor,9541,type"
"FDa10,Tim Robbins..,9542,\Und"
"FDa10,Morgan Freeman,9543,\Und"
"FDa10,Bob Gunton,9544,\Und"
"FDa10,Clancy Brow,9545,\Und"
"FDa10,James Whitmore,9546,\Und"
"FdC,actor</decordova,9547,"
"FdC14,Ronald Reagan,9548,\Sci"
"FdC14,Diana Lynn,9549,\Und"
"FdC14,Walter Slezak,9550,\Und"
"FdC14,Ed Gargan,9551,\Und"
"FdC16,Rhonda Fleming,9552,\Und"
"FdC16,Mark Stevens,9553,\Und"
"FdC16,Nancy Guild,9554,\Und"
"FdC16,Charles Drake,9555,\Und"
"FdC16,Tom dAndrea,9556,\Und"
"FdC16,Minor Watson,9557,\Und"
"FdC16,Steve Geray,9558,\Und"
"FdC23,Elvis Presley,9559,\Und"
"FdC23,Donna Douglas,9560,\Und"
"FdC23,Anthony Eisley,9561,\Und"
"FdC23,Harry Morgan,9562,\Und"
"FdC23,Nancy Kovak,9563,\Und"
"FDF,actor,9564,type"
"FDF10,Sharon Stone,9565,\Und"
"FDF10,Steve Railsback,9566,\Und"
"FDF10,Steve Railsback,9567,\Und"
"FDF10,Vicki Frederick,9568,\Und"
"FDF10,Ronny Cox,9569,\Und"
"FDF10,Michelle Phillips,9570,\Und"
"FDG,actor,9571,type"
"FDG10,Wayne Rogers,9572,\Und"
"FDG10,Gayle Hunnicutt,9573,\Und"
"FDG10,Jean Lenoir,9574,\Und"
"FDL,actor,9575,type"
"FDL10,Henry Silva,9576,\Und"
"FDL10,Mario Adorf,9577,\Und"
"FDL10,Woody Strode,9578,\Und"
