"Serial,Style,Num,actor,type,role"
"AA13,T:Pygmalion,2,Leslie Howard,\Sci,R:smug professor ""Higgins"""
"AA13,T:Pygmalion,3,Wendy Hiller,\Inn,R:flower girl ""Eliza"""
"AA13,T:Pygmalion,4,Wilfrid Lawson,\Und,R:friend ""Dolittle"""
"AA13,T:Pygmalion,5,Scott Sunderland,\Und,R:betting Colonel ""Pickering"""
"AA13,T:Pygmalion,6,Marie Lohr,\Und,R:wife ""Mrs.Higgins"""
"AA13,T:Pygmalion,7,David Tree,\Und,RU:"
"AA13,T:Pygmalion,8,Esme Percy,\Und,RU:"
"AA13,T:Pygmalion,9,Everley Gregg,\Und,RU:"
"AA13,T:Pygmalion,10,Jean Cadell,\Und,RU:"
"AA14,T:French Without Tears,11,Ray Milland,\Und,RZ:schoolboy"
"AA14,T:French Without Tears,12,Ellen Drew,\Und,R:teacher"
"AA14,T:French Without Tears,13,Guy Middleton,\Und,R:schoolboy"
"AA14,T:French Without Tears,14,Ronald Culver,\Und,RS:schoolboy"
"AA16,T:Quiet Wedding,15,Margaret Lockwood,\Und,R:bride"
"AA16,T:Quiet Wedding,16,Derek Farr,\Und,R:bridegroom"
"AA16,T:Quiet Wedding,17,A.E. Matthews,\Und,RU:"
"AA16,T:Quiet Wedding,18,Marjorie Fielding,\Und,R:mother"
"AA16,T:Quiet Wedding,19,Athene Seyler,\Und,RU:"
"AA16,T:Quiet Wedding,20,Peggy Ashcroft,\Und,RU:"
"AA16,T:Quiet Wedding,21,Margaretta Scott,\Und,RU:"
"AA16,T:Quiet Wedding,21,Margaretta Scott,\Und,RU:"
"AA16,T:Quiet Wedding,21,Margaretta Scott,\Und,RU:"
"AA16,T:Quiet Wedding,21,Margaretta Scott,\Und,RU:"
"AA16,T:Quiet Wedding,21,Margaretta Scott,\Und,RU:"
"AA16,T:Quiet Wedding,21,Margaretta Scott,\Und,RU:"
"AA16,T:Quiet Wedding,21,Margaretta Scott,\Und,RU:"
"AA16,T:Quiet Wedding,21,Margaretta Scott,\Und,RU:"
"AA16,T:Quiet Wedding,21,Margaretta Scott,\Und,RU:"
"AA16,T:Quiet Wedding,21,Margaretta Scott,\Und,RU:"
"AA16,T:Quiet Wedding,21,Margaretta Scott,\Und,RU:"
"AA16,T:Quiet Wedding,21,Margaretta Scott,\Und,RU:"
"AA16,T:Quiet Wedding,21,Margaretta Scott,\Und,RU:"
"AA16,T:Quiet Wedding,21,Margaretta Scott,\Und,RU:"
"AA16,T:Quiet Wedding,21,Margaretta Scott,\Und,RU:"
"AA16,T:Quiet Wedding,21,Margaretta Scott,\Und,RU:"
"AA16,T:Quiet Wedding,21,Margaretta Scott,\Und,RU:"
"AA16,T:Quiet Wedding,21,Margaretta Scott,\Und,RU:"
"AA16,T:Quiet Wedding,22,Bernard Miles,\Und,RU:"
"AA29,T:The Importance of Being Earnest,23,Michael Redgrave,\Und,R:bachelor"
"AA29,T:The Importance of Being Earnest,24,Michael Denison,\Und,R:bachelor"
"AA29,T:The Importance of Being Earnest,25,Edith Evans,\Und,R:rich daughter"
"AA29,T:The Importance of Being Earnest,26,Margaret Rurtherford,\Und,RU:"
"AA29,T:The Importance of Being Earnest,27,Jaen Greenwood,\Und,RU:"
"AA29,T:The Importance of Being Earnest,28,Miles Malleson,\Und,RU:"
"AA29,T:The Importance of Being Earnest,29,Doroty Tutin,\Und,RU:"
"AA29,T:The Importance of Being Earnest,30,Walter Hudd,\Und,RU:"
"AA37,T:Libel,31,Dirk Bogarde,\Und,RU:"
"AA37,T:Libel,32,Olivia deHavilland,\Und,RU:"
"AA37,T:Libel,33,Paul Massie,\Und,RU:"
"AA37,T:Libel,34,Wilfrid Hyde White,\Und,RU:"
"AA37,T:Libel,35,Robert Morley,\Und,RU:"
"AA37,T:Libel,36,Anthony Dawson,\Und,RU:"
"AA37,T:Libel,37,Richard Wattis,\Und,RU:"
"AA3,T:Libel,38,Martin Miller,\Und,RU:"
"AA37,T:Libel,39,Millicent Martin,\Und,RU:"
"AA38,T:The Millionairess,40,Peter Sellers,\Und,R:poor Indian doctor"
"AA38,T:The Millionairess,41,Sophia Loren,\Und,R:millionairess/ falls for doctor"
"AA38,T:The Millionairess,42,Alastair Sim,\Und,RU:"
"AA38,T:The Millionairess,43,Vittorio deSics,\Und,RU:"
"AA38,T:The Millionairess,44,Dennis Price,\Und,RU:"
"AA38,T:The Millionairess,45,Gary Raymond,\Und,RU:"
"AA38,T:The Millionairess,46,Alfie Bass,\Und,RU:"
"AA41,T:The VIPs,47,Richard Burton,\Und,R:delayed passenger"
"AA41,T:The VIPs,48,Elizabeth Taylor,\Und,R:delayed passenger"
"AA41,T:The VIPs,49,Maggie Smith,\Und,RU:"
"AA41,T:The VIPs,50,Rod Taylor,\Und,RU:"
"AA41,T:The VIPs,51,Margaret Rutherford,\Und,RU:"
"AA41,T:The VIPs,52,Louis Jordon,\Und,RU:"
"AA41,T:The VIPs,53,Elsa Martinelli,\Und,RU:"
"AA41,T:The VIPs,54,Orson Welles,\Und,RU:"
"AA41,T:The VIPs,55,Linda Chistian,\Und,RU:"
"AA41,T:The VIPs,56,Dennis Price,\Und,RU:"
"AA41,T:The VIPs,57,Richard Wattis,\Und,RU:"
"AA41,T:The VIPs,58,David Frost,\Und,RU:"
"AA41,T:The VIPs,59,Robert Coote,\Und,RU:"
"AA41,T:The VIPs,60,Joan Benham,\Und,RU:"
"AA41,T:The VIPs,61,Michael Hodern,\Und,RU:"
"AA41,T:The VIPs,62,Lance Percival,\Und,RU:"
"AA41,T:The VIPs,63,Martin Miller,\Und,RU:"
"AaB,D:A.Bennett,64,actor,type,role"
"AaB10,T:A Private Function,65,Michael Palin,\Und,R:podiatrist"
"AaB10,T:A Private Function,66,Maggie Smith,\Und,R:ambitious wife"
"AaB10,T:A Private Function,67,Denholm Elliott,\Und,RU:"
"AaB10,T:A Private Function,68,Richard Griffiths,\Und,RU:"
"AaB10,T:A Private Function,69,Tony Haygarth,\Und,RU:"
"AaB10,T:A Private Function,70,Liz Smith,\Und,RU:"
"AaB10,T:A Private Function,71,John Normington,\Und,RU:"
"AaB10,T:A Private Function,72,s a,\Ani,R:fattened/ unlicensed pig"
"AAl,D:Alda,73,actor,type,role"
"AAl6,T:The Four Seasons,74,Alan Alda,\Und,R:husband 1"
"AAl6,T:The Four Seasons,75,Carol Burnett,\Und,R:wife 1"
"AAl6,T:The Four Seasons,76,Len Cariou,\Und,R:husband 2"
"AAl6,T:The Four Seasons,77,Sandy Dennis,\Und,R:wife 2"
"AAl6,TZ:The Four Seasons,78,Rita Moreno,\Und,RU:"
"AAl6,TZ:The Four Seasons,79,Jack Weston,\Und,R:husband 3"
"AAl6,TZ:The Four Seasons,80,Bess Armstrong,\Und,R:wife 3"
"AAl10,T:Sweet Liberty,81,Alan Alda,\Her,R:professor/ author"
"AAl10,T:Sweet Liberty,82,Michael Caine,\Vil,R:conceited movie star"
"AAl10,T:Sweet Liberty,83,Michelle Pfeiffer,\Sav,R:sympathetic movie star"
"AAl10,T:Sweet Liberty,84,Bob Hoskins,\Sav,R:cynical screenwriter/ helpful"
"AAl10,T:Sweet Liberty,85,Lise Hilboldt,\Lov,R:professor/ has fling"
"AAl10,T:Sweet Liberty,86,Lillian Gish,\Und,R:mother"
"AAl10,T:Sweet Liberty,87,Saul Rubinek,\Und,R:cold director"
"AAl10,T:Sweet Liberty,88,Lois Chiles,\Und,R:actor's suspicious wife"
"AAl20,T:Betsy's Wedding,89,Molly Ringwald,\Und,R:bride ""Betsy"""
"AAl20,T:Betsy's Wedding,90,Alan Alda,\Und,R:down-on-his-luck contractor/ father of the bride"
"AAl20,T:Betsy's Wedding,91,Joey Bishop,\Und,R:grandfather of the bride"
"AAl20,T:Betsy's Wedding,1,Madeleine Kahn,\Und,R:once-radical mother of the bride"
"AAl20,T:Betsy's Wedding,2,Ally Sheedy,\Und,R:sister of the bride/ intelligent cop ""Connie"""
"AAl20,T:Betsy's Wedding,3,Anthony LaPaglia,\Und,R:Mafia businessman/ loves Connie"
"AAl20,T:Betsy's Wedding,4,Julie Bovassa,\Und,R:grandmother of the bride"
"AAl20,T:Betsy's Wedding,5,Joe Pesci,\Und,R:sleazy uncle"
"AAl20,T:Betsy's Wedding,6,Catherine OHara,\Und,R:aunt"
"AAl20,T:Betsy's Wedding,7,Dylan Walsh,\Und,R:bridegroom"
"AAl20,T:Betsy's Wedding,8,Burt Young,\Und,RU:"
"AAn,D:Anders,9,actor,type,role"
"AAn10,T:Gas Food Lodging,10,Brooke Adams,\Und,R:single mother"
"AAn10,T:Gas Food Lodging,11,Ione Skye,\Und,R:rebellious daughter"
"AAn10,T:Gas Food Lodging,12,Faraizu Baik,\Und,R:younger/ dreamy daughter/ narrates"
"AAn10,T:Gas Food Lodging,13,Donovan Leitch,\Und,R:cable TV installer"
"AAn12,T:Mi Vida Loca,14,Angel Avilea,\Und,RU:"
"AAn12,T:Mi Vida Loca,15,Seidy Lopez,\Und,RU:"
"AAn12,T:Mi Vida Loca,16,Jacob Vargas,\Und,RU:"
"AAr,D:Arkush,17,actor,type,role"
"AAr10,TZ:Rock 'N Roll High School,18,P.J. Sales,\Und,R:leader"
"AAr10,TZ:Rock 'N Roll High School,19,Vincent VanPatten,\Und,RU:"
"AAr10,T:Rock 'N Roll High School,20,Clint Howard,\Und,RU:"
"AAr10,T:Rock 'N Roll High School,21,The Ramones,\Und,R:rock band"
"AAr10,T:Rock 'N Roll High School,22,Paul Bartel,\Und,RU:"
"AAr10,T:Rock 'N Roll High School,23,Alix Elias,\Und,RU:"
"AAr20,TZ:Heartbeeps,24,Andy Kaufman,\Und,R:amorous robot"
"AAr20,TZ:Heartbeeps,25,Bernadette Peters,\Und,R:amorous robot"
"AAr20,TZ:Heartbeeps,26,Randy Quaid,\Und,RU:"
"AAr20,TZ:Heartbeeps,27,Melanie Mayron,\Und,RU:"
"aAS,title,28,@1955,D:Alan~Smithee,prds"
"aAS24,T:I Love New York,29,Scott Baio,\Und,RU:"
"AAt,D:Aristarain,30,actor,type,role"
"AAt10,T:A Place in the World,31,Gaston Batyi,\Und,R:young man/ returns home"
"AAt10,T:A Place in the World,32,Jose Sacristan,\Und,RU:"
"AAt10,T:A Place in the World,33,Frederico Luppi,\Und,RU:"
"AAt10,T:A Place in the World,34,Cecilia Roth,\Und,RZ:first love"
"AAt10,T:A Place in the World,35,Leonor Benedetto,\Und,RU:"
"AB,D:A.Bragaglia,36,actor,type,role"
"AB2,T:Thais,37,Thais Galizky,\Und,RU:"
"AbA,D:deAntoni,38,actor,type,role"
"AbA10,T:Il processo Clemenceau,39,Francesca Bertini,\Und,RU:"
"AbA10,T:Il processo Clemenceau,40,Gustavo Serena,\Und,RU:"
"AbA10,T:Il processo Clemenceau,41,Alfredo DeAntoni,\Und,RU:"
"AbA10,T:Il processo Clemenceau,42,Lido Manetti,\Und,RU:"
"AbA10,T:Il processo Clemenceau,43,Nella Montagna,\Und,RU:"
"AbA10,T:Il processo Clemenceau,44,Vittorio DeSica,\Und,RU:"
"ABd,D:Band,45,actor,type,role"
"ABd4,T:I Bury the Living,46,Richard Boone,\Und,RU:"
"ABd4,T:I Bury the Living,47,Theodore Bikel,\Und,RU:"
"ABe,D:Berliner,48,actor,type,role"
"ABe10,T:Ma Vie En Rose,49,Georges duFresne,\Und,R:little boy/ thinks he's a girl"
"AbF,D:Ferrara,50,actor,type,role"
"AbF10,T:Ms.~45,51,Zoe Tamerlis,\Und,R:mute/ raped twice/ revenges"
"AbF10,TZ:Ms.~45,52,Steve Singer,\Und,RU:"
"AbF10,T:Ms.~45,53,Jack Thibeau,\Und,RU:"
"AbF10,T:Ms.~45,54,Peter Yellen,\Und,RU:"
"AbF20,T:King of New York,55,Christopher Walken,\Und,R:drug lord"
"AbF25,T:Bad Luitenant,56,Harvey Keitel,\Und,R:cop gone awry"
"AbF25,T:Bad Luitenant,57,Zoe Lund,\Und,R:junkie girlfriend"
"AbF25,T:Bad Luitenant,58,Frankie Thorn,\Und,R:raped nun"
"AbF26,T:Dangerous Game,59,Madonna,\Und,R:star"
"AbF26,T:Dangerous Game,60,Harvey Keitel,\Und,R:director/ confused"
"AbF26,T:Dangerous Game,61,James Russo,\Und,RU:"
"AbF27,T:Body Snatchers,62,Gabrielle Anwar,\Und,R:petulant teenager/ attacked in sleep ""Marti Malone"""
"AbF27,T:Body Snatchers,63,Terry Kinney,\Und,R:father"
"AbF27,T:Body Snatchers,64,Meg Tilly,\Und,R:seductive stepmother"
"AbF27,T:Body Snatchers,65,Reilly Murphy,\Und,R:Marti's son"
"ABi,D:Birkin,66,actor,type,role"
"ABi10,T:Burning Secret,67,Faye Dunaway,\Lov,R:diplomat's wife"
"ABi10,T:Burning Secret,68,Klaus Maria Brandauer,\Und,R:romantic wounded baron"
"ABi10,T:Burning Secret,69,David Ebbets,\Und,R:asthmatic son"
"ABi10,T:Burning Secret,70,Ian Richardson,\Und,R:aging diplomat"
"ABi10,T:Burning Secret,71,John Nettleton,\Sci,R:doctor"
"ABi10,TZ:Burning Secret,72,N. Ottering,\Und,R:concierge"
"ABi20,T:The Cement Garden,73,Andrew Robertson,\Und,R:miserable teenager/ loves older sister ""Jack"""
"ABi20,T:The Cement Garden,74,Sinead Cusack,\Und,R:ailing mother"
"ABi20,T:The Cement Garden,75,Charlotte Gainsbourg,\Und,R:incestuous older sister"
"ABl,D:Blasetti,76,actor,type,role"
"ABl10,T:Too Bad She's Bad,77,Sophia Loren,\Und,R:freeliving daughter"
"ABl10,T:Too Bad She's Bad,78,Vittorio deSica,\Und,R:accomplished pickpocket father"
"ABl10,T:Too Bad She's Bad,79,Marcello Mastroianni,\Und,RU:"
"ABo,D:Borman,80,actor,type,role"
"ABo10,T:And God Spoke,81,Michael Riley,\Und,R:unlucky director ""Clive Walton"""
"ABo10,T:And God Spoke,82,Stephen Rappaport,\Und,R:failing epic producer ""Marvin Handleman"""
"ABo10,T:And God Spoke,83,s a,\Und,R:tatooed vrigin ""Mary"""
"ABr,D:A.Brooks,84,actor,type,role"
"ABr1,T:Real Life,85,Albert Brooks,\Und,R:ducumentary movie director/ frustrated/ burns All-American house down"
"ABr1,T:Real Life,86,Frances Lee McCain,\Und,R:All-American mother ""Jeanette Yeager"""
"ABr1,T:Real Life,87,s a,\Und,R:All-American father"
"ABr1,T:Real Life,88,Charles Grodin,\Und,RU:"
"ABr2,T:Modern Romance,89,Albert Brooks,\Und,RU:"
"ABr2,TZ:Modern Romance,90,Kathryn Harrold,\Und,RU:"
"ABr2,TZ:Modern Romance,91,Bruno Kirby,\Und,RU:"
"ABr2,TZ:Modern Romance,1,James L. Brooks,\Und,RU:"
"ABr2,TZ:Modern Romance,2,Meadowlark Lemon,\Und,RU:"
"ABr2,TZ:Modern Romance,3,George Kennedy,\Und,RU:"
"ABr2,T:Modern Romance,4,Super Dave Osborne,\Und,R:sporting goods salesman"
"ABr3,T:Lost in America,5,Albert Brooks,\Und,R:ad exec/ escapes job in RV"
"ABr3,T:Lost in America,6,Julie Hagerty,\Und,R:wife/ loses nest egg"
"ABr3,T:Lost in America,7,Garry K. Marshall,\Und,R:casino boss"
"ABr3,T:Lost in America,8,Art Frankel,\Und,R:job counselor"
